[
  {
    "username": "vareenimi@gmail.com",
    "password": "000000",
    "timestamp": "2025-02-11T17:02:14.211Z"
  },
  {
    "username": "vareennimi",
    "password": "0000000",
    "timestamp": "2025-02-11T17:11:25.879Z"
  },
  {
    "username": "vareennimi@gmail.co.in",
    "password": "000000",
    "timestamp": "2025-02-11T18:09:28.603Z"
  },
  {
    "username": "vareennimi@gmail.com",
    "password": "12345",
    "timestamp": "2025-02-11T18:27:57.527Z"
  },
  {
    "username": "bjbibiuvuiv",
    "password": "hvvuvu",
    "timestamp": "2025-02-11T20:01:58.664Z"
  },
  {
    "username": "vareen",
    "password": "1234",
    "timestamp": "2025-02-12T04:24:15.296Z"
  },
  {
    "username": "vareen",
    "password": "123456",
    "timestamp": "2025-02-12T04:35:32.655Z"
  },
  {
    "username": "diya",
    "password": "1234567",
    "timestamp": "2025-02-12T04:38:30.033Z"
  }
]